ID	Sequence	Position	Score	Prediction	Confidence
5W49_1	XXXXXKLPYKV	4	2.6561721711004793e-09	No	Non-Kbhb
5W49_1	XKLPYKVADIG	8	0.010626941919326782	No	Non-Kbhb
5W49_1	AAWGRKALDIA	20	0.15168865025043488	Yes	High
5W49_1	RYSASKPLKGA	43	0.23290638625621796	Yes	High
5W49_1	ASKPLKGARIA	46	0.01590135507285595	No	Non-Kbhb
5W49_1	AAAIAKAGIPV	94	0.017267901450395584	No	Non-Kbhb
5W49_1	PVYAWKGETDE	103	0.00012540134775917977	No	Non-Kbhb
5W49_1	QTLYFKDGPLN	121	6.422133083106019e-07	No	Non-Kbhb
5W49_1	NLIHTKYPQLL	142	0.001924661686643958	No	Non-Kbhb
5W49_1	VHNLYKMMANG	166	0.0009741144021973014	No	Non-Kbhb
5W49_1	ANGILKVPAIN	174	0.01923425868153572	No	Non-Kbhb
5W49_1	NDSVTKSKFDN	186	0.0681867003440857	Yes	Non-Kbhb
5W49_1	SVTKSKFDNLY	188	0.25142842531204224	Yes	Extremely high
5W49_1	LIDGIKRATDV	204	0.2480730414390564	Yes	Extremely high
5W49_1	VMIAGKVAVVA	214	0.05878383666276932	No	Non-Kbhb
5W49_1	YGDVGKGCAQA	226	0.17046737670898438	Yes	High
5W49_1	HFEQMKDDAIV	291	4.667822577175684e-05	No	Non-Kbhb
5W49_1	VEIDVKWLNEN	309	0.0004436587041709572	No	Non-Kbhb
5W49_1	ENAVEKVNIKP	318	0.060837067663669586	Yes	Non-Kbhb
5W49_1	EKVNIKPQVDR	322	0.03591734915971756	No	Non-Kbhb
5W49_1	DRYRLKNGRRI	331	0.0003638652269728482	No	Non-Kbhb
5W49_1	WTHPDKYPVGV	378	0.0005676388391293585	No	Non-Kbhb
5W49_1	VHFLPKKLDEA	388	0.20159536600112915	Yes	High
5W49_1	HFLPKKLDEAV	389	0.25050681829452515	Yes	Extremely high
5W49_1	EAHLGKLNVKL	401	0.248982235789299	Yes	Extremely high
5W49_1	GKLNVKLTKLT	405	0.24491596221923828	Yes	Extremely high
5W49_1	NVKLTKLTEKQ	408	0.1511441022157669	Yes	High
5W49_1	TKLTEKQAQYL	412	0.008202587254345417	No	Non-Kbhb
5W49_1	CDGPFKPDHYR	426	3.12672739255504e-07	No	Non-Kbhb
